<?xml version="1.0" encoding="UTF-8"?>
<project-private xmlns="http://www.netbeans.org/ns/project-private/1">
    <editor-bookmarks xmlns="http://www.netbeans.org/ns/editor-bookmarks/2" lastBookmarkId="0"/>
    <open-files xmlns="http://www.netbeans.org/ns/projectui-open-files/2">
        <group>
            <file>file:/media/pablo/KINGSTON/Daw2bio/M15--u1/PT1/pt1_ejercicio2/src/pt1_ejercicio2/Validador.java</file>
            <file>file:/media/pablo/KINGSTON/Daw2bio/M15--u1/PT1/pt1_ejercicio2/src/pt1_ejercicio2/Pt1_ejercicio2.java</file>
        </group>
    </open-files>
</project-private>
