<?xml version="1.0" encoding="UTF-8"?>
<project-private xmlns="http://www.netbeans.org/ns/project-private/1">
    <editor-bookmarks xmlns="http://www.netbeans.org/ns/editor-bookmarks/2" lastBookmarkId="0"/>
    <open-files xmlns="http://www.netbeans.org/ns/projectui-open-files/2">
        <group>
            <file>file:/media/sf_Lide-usb/Daw2bio/M15U1/Parte%202/Ejercicios%20Tomcat/Practica%201.4-b/ejercicio2/web/response.jsp</file>
            <file>file:/media/sf_Lide-usb/Daw2bio/M15U1/Parte%202/Ejercicios%20Tomcat/Practica%201.4-b/ejercicio2/src/java/controller/MainController.java</file>
        </group>
    </open-files>
</project-private>
